subject,CHROM,start_hg19,end_hg19,start_hg38,end_hg38,gender,CN,event,size_kb,array_evidence,manual_inspection_evidence,suspected_reason_for_fp
NA02767,chr21,0,48129895,split in new,,F,3,GAIN,"48,130",,,
NA04327,chrX,32827464,32850164,32809347,32832047,M,2,GAIN,23,,,
NA04517,chr14,88399358,88429855,87933014,87963511,M,0,LOSS,30,,,
NA04520,chr16,2097990,2114272,2047989,2064271,F,0,LOSS,16,,,
NA05090,chrX,32843154,32897248,32825037,32879131,M,0,LOSS,54,,,
NA06804,chrX,133607389,133620495,134473359,134486465,M,2,GAIN,13,,,
NA06804,chrX,133594369,133607388,134460339,134473358,M,0,LOSS,13,no,no,Misinterpretation of primary data
NA09834,chr19,50576403,50681994,50073146,50178737,F,1,LOSS,106,no,no,Poor mapping or array artifact
NA09834,chr15,89456759,91764988,88913528,91221758,F,1,LOSS,"2,308",,,
NA09834,chr9,111554622,111768395,108792342,109006115,F,1,LOSS,214,,,
NA09834,chr9,97860095,99648422,95097813,96886140,F,1,LOSS,"1,788",,,
NA11428,chr3,162626559,197896005,162908771,198169134,F,3,GAIN,"35,269",,,
NA11428,chr3,162513136,162625983,162795348,162908195,F,1,LOSS,113,,,
NA11428,chr3,60332,5368902,18654,5327217,F,1,LOSS,"5,309",,,
NA11428,chr3,132724911,162513080,133006067,162795292,F,3,GAIN,"29,788",,,
NA12214,chr17,14153961,15544134,14250644,15640820,M,3,GAIN,"1,390",,,
NA13554,chr15,25165212,25205204,24920065,24960057,M,1,LOSS,40,,,
NA13590,chr17,25984092,26085108,27657066,27758082,F,3,GAIN,101,,,
NA13590,chr2,97886321,131157859,97220584,130400286,F,4,GAIN,"33,272",,,
NA13590,chr2,242915453,243034674,241973302,242092523,F,1,LOSS,119,,,
NA13590,chr4,144842091,144943597,143920938,144022444,F,1,LOSS,102,,,
NA13590,chr9,33140788,33261061,33140790,33261063,F,3,GAIN,120,,,
NA18310,chrX,0,155270560,10000,156030895,M,2,GAIN,"155,271",,,
NA20217,chrX,798388,998748,837653,1038013,M,0,LOSS,200,no,no,hificnv exclude set
NA20217,chrX,585079,620146,624344,659411,M,0,LOSS,35,no,no,hificnv exclude set
NA20304,chr15,32458660,32876972,32166459,32584771,M,1,LOSS,418,no,no,Poor mapping or array artifact
NA20304,chr15,20500000,22500000,split in new,,M,4,GAIN,"2,000",,,
NA21886,chr1,237231289,237441153,237067989,237277853,M,3,GAIN,210,,,
NA21886,chr2,100973623,101076046,100357161,100459584,M,3,GAIN,102,no,no,Bad annotation in Coriell
NA21886,chr18,0,15000000,10000,15000001,M,1,LOSS,"15,000",,,
NA21886,chr18,51819089,52484051,partially deleted in new,,M,1,LOSS,665,,,
NA21886,chr18,52612123,78015057,54944892,80257174,M,1,LOSS,"25,403",,,
NA21886,chr4,144700854,144813390,143779701,143892237,M,1,LOSS,113,no,no,Bad annotation in Coriell
NA21886,chr22,18781533,19006984,18794020,19019471,M,3,GAIN,225,,,
NA23127,chrX,32456508,32472778,32438391,32454661,M,2,GAIN,16,,,
ND01037,chr6,162475207,162683557,162054175,162262525,M,0,LOSS,208,,,